Feature 1,Feature 2,Class/Cluster
0.02,0,1
1.045,0,1
2.08,0,1
3.125,0,1
4.18,0,1
5.245,0,1
6.32,0,1
7.405,0,1
8.5,0,1
9.605,0,1
0,1.005,1
0,2.04287093850145,1
0,3.15067662849458,1
0,4.36758347359905,1
3,1.62946270589708,2
3,2.26894387720214,2
3,2.92310397487051,2
